{
  "project_info": {
    "project_number": "498960199660",
    "project_id": "cash-flow-tracker-d71a3",
    "storage_bucket": "cash-flow-tracker-d71a3.appspot.com"
  },
  "client": [
    {
      "client_info": {
        "mobilesdk_app_id": "1:498960199660:android:da8ea2a5612aa699ca1ac9",
        "android_client_info": {
          "package_name": "com.example.cf"
        }
      },
      "oauth_client": [
        {
          "client_id": "498960199660-6ebs36spm0ciak8jp7b2718honcbgegv.apps.googleusercontent.com",
          "client_type": 1,
          "android_info": {
            "package_name": "com.example.cf",
            "certificate_hash": "0da67d7a1772cae0d379210cf93aa7234ec78707"
          }
        },
        {
          "client_id": "498960199660-vjih5jv7vfvsplfferdg5hhmro8pqe0g.apps.googleusercontent.com",
          "client_type": 3
        }
      ],
      "api_key": [
        {
          "current_key": "AIzaSyDF7VSUpTSLzY9GI7-xwW74S7Owg81-d_I"
        }
      ],
      "services": {
        "appinvite_service": {
          "other_platform_oauth_client": [
            {
              "client_id": "498960199660-vjih5jv7vfvsplfferdg5hhmro8pqe0g.apps.googleusercontent.com",
              "client_type": 3
            }
          ]
        }
      }
    }
  ],
  "configuration_version": "1"
}